<?xml version="1.0" encoding="UTF-8"?>
<beans xmlns="http://www.springframework.org/schema/beans"
       xmlns:xsi="http://www.w3.org/2001/XMLSchema-instance"
       xmlns:int="http://www.springframework.org/schema/integration"
       xmlns:task="http://www.springframework.org/schema/task"
       xsi:schemaLocation="http://www.springframework.org/schema/beans http://www.springframework.org/schema/beans/spring-beans.xsd
		http://www.springframework.org/schema/integration http://www.springframework.org/schema/integration/spring-integration.xsd
        http://www.springframework.org/schema/task http://www.springframework.org/schema/task/spring-task.xsd">

    <!-- Lifecycle channel -->
    <int:channel id="createLifeCycleRequestChannel"/>
    <int:channel id="createLifeCycleReplyChannel"/>
    <int:channel id="createLifeCycleSuspendRequestChain"/>
    <int:channel id="createLifeCycleUnSuspendRequestChain"/>
    <int:channel id="createLifeCycleDeleteRequestChain"/>
    <int:channel id="createLifeCycleFilterRequestChannel"/>

    <int:filter id="createLifecycleFilterId" input-channel="createLifeCycleRequestChannel" output-channel="createLifeCycleFilterRequestChannel" ref="createLifecycleFilter" method="doValidateRequest" throw-exception-on-rejection="true"/>

    <int:recipient-list-router id="createLifeCycleRequestChannelId" input-channel="createLifeCycleFilterRequestChannel" default-output-channel="createLifeCycleReplyChannel" ignore-send-failures="false" apply-sequence="true">

        <int:recipient selector-expression="payload.getOperation().getValue().equalsIgnoreCase('SUSPEND') and payload.getUpdateReason().getTspId().equalsIgnoreCase('501')" channel="createLifeCycleSuspendRequestChain"/>
        <int:recipient selector-expression="payload.getOperation().getValue().equalsIgnoreCase('RESUME') and payload.getUpdateReason().getTspId().equalsIgnoreCase('501')" channel="createLifeCycleUnSuspendRequestChain"/>
        <int:recipient selector-expression="payload.getOperation().getValue().equalsIgnoreCase('DELETE') and payload.getUpdateReason().getTspId().equalsIgnoreCase('501')" channel="createLifeCycleDeleteRequestChain"/>

    </int:recipient-list-router>

    <int:service-activator id="createLifecycleId1" input-channel="createLifeCycleSuspendRequestChain" output-channel="createLifeCycleReplyChannel" ref="createLifecycleSuspendService" method="doOutboundServiceCall"/>

    <int:service-activator id="createLifecycleId2" input-channel="createLifeCycleUnSuspendRequestChain" output-channel="createLifeCycleReplyChannel" ref="createLifecycleUnSuspendService" method="doOutboundServiceCall"/>

    <int:service-activator id="createLifecycleId3" input-channel="createLifeCycleDeleteRequestChain" output-channel="createLifeCycleReplyChannel" ref="createLifecycleDeleteService" method="doOutboundServiceCall"/>

</beans>