<?xml version="1.0" encoding="UTF-8"?>
<beans xmlns="http://www.springframework.org/schema/beans"
       xmlns:xsi="http://www.w3.org/2001/XMLSchema-instance"
       xmlns:int="http://www.springframework.org/schema/integration"
       xmlns:task="http://www.springframework.org/schema/task"
       xsi:schemaLocation="http://www.springframework.org/schema/beans http://www.springframework.org/schema/beans/spring-beans.xsd
		http://www.springframework.org/schema/integration http://www.springframework.org/schema/integration/spring-integration.xsd
        http://www.springframework.org/schema/task http://www.springframework.org/schema/task/spring-task.xsd">


    <int:channel id="provisionTokenRequestChannel"/>
    <int:channel id="provisionTokenReplyChannel"/>
    <int:channel id="searchTokensRequestChannel"/>
    <int:channel id="searchTokensReplyChannel"/>
    <int:channel id="masterCardServiceActivatorChannel"/>
    <int:channel id="visaServiceActivatorChannel"/>
    <int:channel id="provisionTokenChainReplyChannel"/>
    <int:channel id="createCryptoGramRequestChannel"/>
    <int:channel id="createCryptoGramReplyChannel"/>
    <int:channel id="cryptoGramFilterReplyChannel"/>
    <int:channel id="masterCardCryptoGramServiceActivatorChannel"/>
    <int:channel id="visaCryptoGramServiceActivatorChannel"/>
    <int:channel id="getTokenFilterRequestChannel"/>
    <int:channel id="getTokenFilterReplyChannel"/>
    <int:channel id="getTokenRequestChannel"/>
    <int:channel id="getTokenReplyChannel"/>
    <int:channel id="masterCardGetTokenServiceActivatorChannel"/>
    <int:channel id="visaGetTokenServiceActivatorChannel"/>
    <int:channel id="TSPFlow"/>
    <int:channel id="TAFlow"/>

    <int:gateway id="applicationGateway" service-interface="com.fdc.mtrg.provision.gateway.ApplicationGateway">

        <int:method request-channel="provisionTokenRequestChannel" name="tokenize"  reply-channel="provisionTokenReplyChannel"/>

        <int:method request-channel="createCryptoGramRequestChannel" name="transact" reply-channel="createCryptoGramReplyChannel"/>

        <int:method request-channel="createLifeCycleRequestChannel" name="doLifeCycle" reply-channel="createLifeCycleReplyChannel"/>

        <int:method request-channel="getCardMetadataRequestChannel" name="getCardMetadata" reply-channel="getCardMetadataReplyChannel"/>

        <int:method request-channel="getTokenRequestChannel" name="getToken" reply-channel="getTokenReplyChannel"/>

    </int:gateway>

    <!-- provision and search token flow start -->
    <int:chain id="provisionTokenChainId" input-channel="provisionTokenRequestChannel" output-channel="provisionTokenChainReplyChannel">

        <int:filter id="provisionTokenFilterId" ref="provisionTokenFilter" method="doValidateRequest" throw-exception-on-rejection="true"/>

        <int:header-enricher id="nonceHeaderEnricher">

            <int:header name="#{T(com.fdc.mtrg.provision.util.Constants).ROUTER}" ref="binRangeHeaderEnricher" method="identifyBin"/>

        </int:header-enricher>

    </int:chain>

    <int:recipient-list-router id="binRangeRoutingChainId" input-channel="provisionTokenChainReplyChannel" default-output-channel="provisionTokenChainReplyChannel" ignore-send-failures="false" apply-sequence="true">

        <int:recipient selector-expression="headers.get('ROUTER').toString().equalsIgnoreCase('MASTERCARD')" channel="masterCardServiceActivatorChannel"/>
        <int:recipient selector-expression="headers.get('ROUTER').toString().equalsIgnoreCase('VISA')" channel="visaServiceActivatorChannel"/>

    </int:recipient-list-router>

    <int:service-activator id="masterCardtokenizeServiceId" input-channel="masterCardServiceActivatorChannel" output-channel="provisionTokenReplyChannel" ref="masterCardProvisionService" method="tokenize"/>

    <int:service-activator id="visatokenizeServiceId" input-channel="visaServiceActivatorChannel" output-channel="provisionTokenReplyChannel" ref="visaProvisionService" method="tokenize"/>
    <!-- provision and search token flow end -->

    <!-- cryptogram token flow start -->
    <int:filter id="createCryptoGramFilterId" input-channel="createCryptoGramRequestChannel" output-channel="cryptoGramFilterReplyChannel" ref="cryptoGramFilter" method="doValidateRequest" throw-exception-on-rejection="true"/>

    <int:recipient-list-router id="TSPRoutingChainId" input-channel="cryptoGramFilterReplyChannel" default-output-channel="createCryptoGramReplyChannel" ignore-send-failures="false" apply-sequence="true">

        <int:recipient selector-expression="payload.getTspId().equalsIgnoreCase('501')" channel="masterCardCryptoGramServiceActivatorChannel"/>
        <int:recipient selector-expression="payload.getTspId().equalsIgnoreCase('400')" channel="visaCryptoGramServiceActivatorChannel"/>

    </int:recipient-list-router>

    <int:service-activator id="masterCardcryptoGramServiceId" input-channel="masterCardCryptoGramServiceActivatorChannel" output-channel="createCryptoGramReplyChannel" ref="masterCardCryptoService" method="createCryptoGram"/>

    <int:service-activator id="visacryptoGramServiceId" input-channel="visaCryptoGramServiceActivatorChannel" output-channel="createCryptoGramReplyChannel" ref="visaCryptoService" method="createCryptoGram"/>

    <!-- cryptogram token flow end -->

    <!-- GetToken flow start -->
<!--    <int:filter id="createGetTokenFilterId"  input-channel="getTokenFilterRequestChannel"-->
<!--                output-channel="getTokenRequestChannel" ref="getTokenFilter" method="doValidateRequest" throw-exception-on-rejection="true"/>-->

    <int:filter id="createGetTokenFilterId"  input-channel="getTokenRequestChannel"
                output-channel="getTokenFilterReplyChannel" ref="getTokenFilter" method="doValidateRequest" throw-exception-on-rejection="true"/>

    <int:recipient-list-router id="tokenTypeGetTokenRoutingChainId" input-channel="getTokenFilterReplyChannel" default-output-channel="getTokenReplyChannel" ignore-send-failures="false" apply-sequence="true">

        <int:recipient selector-expression="headers.get('tokenType').toString().equalsIgnoreCase('TSP')" channel="TSPFlow"/>
        <int:recipient selector-expression="headers.get('tokenType').toString().equalsIgnoreCase('TA')" channel="TAFlow"/>

    </int:recipient-list-router>


    <int:recipient-list-router id="TSPGetTokenRoutingChainId" input-channel="TSPFlow" default-output-channel="getTokenReplyChannel" ignore-send-failures="false" apply-sequence="true">

        <int:recipient selector-expression="headers.get('tspId').toString().equalsIgnoreCase('501')" channel="masterCardGetTokenServiceActivatorChannel"/>
        <int:recipient selector-expression="headers.get('tspId').toString().equalsIgnoreCase('400')" channel="visaGetTokenServiceActivatorChannel"/>

    </int:recipient-list-router>

    <int:service-activator id="masterCardgetTokenServiceId" input-channel="masterCardGetTokenServiceActivatorChannel" output-channel="getTokenReplyChannel" ref="masterCardGetTokenService" method="getToken"/>

    <int:service-activator id="visagetTokenServiceId" input-channel="visaGetTokenServiceActivatorChannel" output-channel="getTokenReplyChannel" ref="visaGetTokenService" method="getToken"/>

    <!-- GetToken flow end -->
</beans>
