<?xml version="1.0" encoding="UTF-8"?>
<beans xmlns="http://www.springframework.org/schema/beans"
       xmlns:xsi="http://www.w3.org/2001/XMLSchema-instance"
       xmlns:int="http://www.springframework.org/schema/integration"
       xmlns:task="http://www.springframework.org/schema/task"
       xsi:schemaLocation="http://www.springframework.org/schema/beans http://www.springframework.org/schema/beans/spring-beans.xsd
		http://www.springframework.org/schema/integration http://www.springframework.org/schema/integration/spring-integration.xsd
        http://www.springframework.org/schema/task http://www.springframework.org/schema/task/spring-task.xsd">

    <!-- Start configuration for getAsset   -->
    <int:channel id="getCardMetadataRequestChannel"/>
    <int:channel id="masterCardMetadataServiceChannel"/>
    <int:channel id="visaCardMetadataServiceChannel"/>
    <int:channel id="getCardMetadataReplyChannel"/>
    <int:channel id="getCardMetadataFilterRequestChannel"/>

    <int:filter id="getCardMetadataFilterId" input-channel="getCardMetadataRequestChannel" output-channel="getCardMetadataFilterRequestChannel" ref="getCardMetadataFilter" method="doValidateRequest" throw-exception-on-rejection="true"/>

    <int:recipient-list-router id="TSPAssetRoutingChainId" input-channel="getCardMetadataFilterRequestChannel" default-output-channel="getCardMetadataReplyChannel" ignore-send-failures="false" apply-sequence="true">

        <int:recipient selector-expression="headers.get('tspId').toString().equalsIgnoreCase('501')" channel="masterCardMetadataServiceChannel"/>
        <int:recipient selector-expression="headers.get('tspId').toString().equalsIgnoreCase('400')" channel="visaCardMetadataServiceChannel"/>

    </int:recipient-list-router>

    <int:service-activator id="getCardMetadataServiceId1" input-channel="masterCardMetadataServiceChannel"  output-channel="getCardMetadataReplyChannel" ref="getCardMetadataService" method="getCardMetadata"/>

    <int:service-activator id="getCardMetadataServiceId2" input-channel="visaCardMetadataServiceChannel"  output-channel="getCardMetadataReplyChannel" ref="visaCardMetadataService" method="getMetadata"/>

    <!-- End configuration for getAsset   -->
</beans>
