<?xml version="1.0" encoding="UTF-8"?>
<beans xmlns="http://www.springframework.org/schema/beans"
       xmlns:xsi="http://www.w3.org/2001/XMLSchema-instance"
       xmlns:int="http://www.springframework.org/schema/integration"
       xmlns:task="http://www.springframework.org/schema/task"
       xsi:schemaLocation="http://www.springframework.org/schema/beans http://www.springframework.org/schema/beans/spring-beans.xsd
		http://www.springframework.org/schema/integration http://www.springframework.org/schema/integration/spring-integration.xsd
        http://www.springframework.org/schema/task http://www.springframework.org/schema/task/spring-task.xsd">

    <!-- Lifecycle channel -->
    <int:channel id="createLifeCycleReplyChannel"/>
    <int:channel id="createLifeCycleFilterRequestChannel"/>
    <int:channel id="createLifeCycleTransformerReplyChannel"/>
    <int:channel id="createLifeCycleSuspendRequestService"/>
    <int:channel id="createLifeCycleUnSuspendRequestService"/>
    <int:channel id="createLifeCycleDeleteRequestService"/>
    <int:channel id="createLifeCycleheaderReplyChannel"/>

    <int:filter id="createLifecycleFilterId" input-channel="createLifeCycleRequestChannel" output-channel="createLifeCycleFilterRequestChannel" ref="createLifecycleFilter" method="doValidateRequest" throw-exception-on-rejection="true"/>

    <int:header-enricher id="lifecycleHeaderEnricher" input-channel="createLifeCycleFilterRequestChannel" output-channel="createLifeCycleheaderReplyChannel">

        <int:header name="#{T(com.fdc.mtrg.network.token.util.Constants).ROUTER}" ref="operationTypeHeaderEnricher" method="identifyOperations"/>

    </int:header-enricher>

    <int:transformer id="createLifecycleTransformerId" input-channel="createLifeCycleheaderReplyChannel" output-channel="createLifeCycleTransformerReplyChannel" ref="createLifecycleTransformer" method="doTransformRequest"/>

    <int:recipient-list-router id="createLifeCycleRequestChannelId" input-channel="createLifeCycleTransformerReplyChannel"
                               default-output-channel="createLifeCycleReplyChannel"
                               ignore-send-failures="false"
                               apply-sequence="true">

        <int:recipient selector-expression="headers.get('ROUTER').toString().equalsIgnoreCase('SUSPEND')" channel="createLifeCycleSuspendRequestService"/>
        <int:recipient selector-expression="headers.get('ROUTER').toString().equalsIgnoreCase('RESUME')" channel="createLifeCycleUnSuspendRequestService"/>
        <int:recipient selector-expression="headers.get('ROUTER').toString().equalsIgnoreCase('DELETE')" channel="createLifeCycleDeleteRequestService"/>

    </int:recipient-list-router>


    <int:service-activator id="createLifecycleId1" input-channel="createLifeCycleSuspendRequestService" output-channel="createLifeCycleReplyChannel" ref="createLifecycleSuspendService" method="doOutboundServiceCall"/>

    <int:service-activator id="createLifecycleId2" input-channel="createLifeCycleUnSuspendRequestService" output-channel="createLifeCycleReplyChannel" ref="createLifecycleResumeService" method="doOutboundServiceCall"/>

    <int:service-activator id="createLifecycleId3" input-channel="createLifeCycleDeleteRequestService" output-channel="createLifeCycleReplyChannel" ref="createLifecycleDeleteService" method="doOutboundServiceCall"/>

    <int:transformer id="createLifecyleReplyTransformerId" input-channel="createLifeCycleReplyChannel" output-channel="createLifeCycleReplyChannel" ref="createLifecycleTransformer" method="doTransformResposne"/>

</beans>