<?xml version="1.0" encoding="UTF-8"?>
<beans xmlns="http://www.springframework.org/schema/beans"
       xmlns:xsi="http://www.w3.org/2001/XMLSchema-instance"
       xmlns:int="http://www.springframework.org/schema/integration"
       xmlns:task="http://www.springframework.org/schema/task"
       xsi:schemaLocation="http://www.springframework.org/schema/beans http://www.springframework.org/schema/beans/spring-beans.xsd
		http://www.springframework.org/schema/integration http://www.springframework.org/schema/integration/spring-integration.xsd
        http://www.springframework.org/schema/task http://www.springframework.org/schema/task/spring-task.xsd">

    <!-- Start configuration for tokenize -->
    <int:channel id="tokenizeRequestChannel"/>
    <int:channel id="tokenizeReplyChannel"/>
    <int:channel id="accesTokenRequest"/>
    <int:channel id="accessTokenReplay"/>
    <int:channel id="createLifeCycleRequestChannel"/>
    <int:channel id="getAssetRequestChannel"/>
    <int:channel id="getAssetReplyChannel"/>

    <int:gateway id="applicationGateway" service-interface="com.fdc.mtrg.network.token.gateway.ApplicationGateway">

        <int:method request-channel="tokenizeRequestChannel" name="tokenize" reply-channel="tokenizeReplyChannel"/>

        <int:method request-channel="healthcheckRequestChannel" name="healthcheck" reply-channel="healthcheckReplyChannel"/>

        <int:method request-channel="transactRequestChannel" name="transact" reply-channel="transactReplyChannel"/>

        <int:method request-channel="createLifeCycleRequestChannel" name="doLifeCycle" reply-channel="createLifeCycleReplyChannel"/>

        <int:method request-channel="getAssetRequestChannel" name="getResource" reply-channel="getAssetReplyChannel"/>

    </int:gateway>

    <int:chain id="tokenizeChain" input-channel="tokenizeRequestChannel" output-channel="tokenizeReplyChannel">

        <int:filter id="tokenizeFilterId" ref="tokenizeFilter" method="doValidateRequest" throw-exception-on-rejection="true"/>

        <int:transformer id="tokenizeRequestTransformerId" ref="tokenizeTransformer" method="doTransformRequest"/>

        <int:service-activator id="tokenizeServiceId" ref="tokenizeService" method="tokenize"/>

        <int:transformer id="tokenizeResposneTransformerId" ref="tokenizeTransformer" method="doTransformResponse"/>
    </int:chain>
    <!-- End configuration for tokenize -->

    <int:chain id="getAssetChain" input-channel="getAssetRequestChannel" output-channel="getAssetReplyChannel">

        <int:filter id="getAssetFilterId" ref="getResourceFilter" method="validateAssetRequest"/>

        <int:service-activator id="getAssetServiceId" ref="getResourceService" method="getResource"/>

        <int:transformer id="getAssetTransformerId" ref="getResourceTransformer" method="doTransformRequest"/>
    </int:chain>

    <!-- Start configuration for healthcheck -->
    <int:channel id="healthcheckRequestChannel"/>
    <int:channel id="healthcheckReplyChannel"/>

    <int:chain id="healthcheckChain" input-channel="healthcheckRequestChannel" output-channel="healthcheckReplyChannel">
        <int:service-activator id="healthcheckServiceId" ref="healthcheckService" method="healthcheck"/>
    </int:chain>
    <!-- End configuration for healthcheck -->

    <!-- Transact channel -->
    <int:channel id="transactRequestChannel"/>
    <int:channel id="transactReplyChannel"/>

    <!-- Start Configuration for Transact api -->
    <int:chain id="transactChain" input-channel="transactRequestChannel" output-channel="transactReplyChannel">

        <int:filter id="transactFilterId" ref="transactFilter" method="doValidateRequest"
                    throw-exception-on-rejection="true"/>

        <int:transformer id="transactRequestTransformerId" ref="transactTransformer"
                         method="doTransformRequest"/>

        <int:service-activator id="transactServiceId" ref="transactService"
                               method="doOutboundServiceCall"/>

        <int:transformer id="transactResponseTransformerId" ref="transactTransformer"
                         method="doTransformResponse"/>
    </int:chain>
    <!-- End Configuration for Transact api -->

</beans>
