<?xml version="1.0" encoding="UTF-8" ?>
<configuration>
	<jmxConfigurator />
	<include resource="org/springframework/boot/logging/logback/defaults.xml" />
	<springProperty scope="context" name="springAppName" source="spring.application.name" />
	<property name="PATTERN"
		value="date=%date{ISO8601} severity=%-5level service=${springAppName:-} merchantId=%X{merchantId} walletId=%X{walletId} logger=%logger{36} message=%msg X-B3-TraceId=%X{X-B3-TraceId:-} X-B3-SpanId=%X{X-B3-SpanId:-} pid=${PID:-} thread=%thread %n" />
	<appender name="CONSOLE" class="ch.qos.logback.core.ConsoleAppender">
		<encoder class="com.fdc.util.logging.layout.PciLayoutEncoder">
			<pattern>${PATTERN}</pattern>
		</encoder>
	</appender>
	<logger name="com.fdc" level="DEBUG" additivity="false">
		<appender-ref ref="CONSOLE" />
	</logger>
	<root level="INFO">
		<appender-ref ref="CONSOLE" />
	</root>
</configuration>
